"Año";"Mes";"Estamento";"Nombre completo";"Cargo o función";"Grado EUS o jornada";"Calificación profesional o formación";"Región";"Asignaciones especiales del mes (inc. en rem. bruta)";"Remuneración bruta del mes (incluye bonos e incentivos, asig. especiales, horas extras)";"Remuneración líquida del mes";"Rem. adicionales del mes (no inc. en rem. bruta)";"Remuneración Bonos incentivos del mes (inc. en rem. bruta)";"Derecho a horas extraordinarias";"Montos y horas extraordinarias diurnas del mes(inc. en rem. bruta)";"Montos y horas extraordinarias nocturnas del mes(inc. en rem. bruta)";"Montos y horas extraordinarias festivas del mes (inc. en rem. bruta)";"Fecha de inicio dd/mm/aa";"Fecha de término dd/mm/aa";"Observaciones";"Viáticos del mes (no inc. en rem. bruta)";
"2026";"Enero";"Directivo";"Aguilera Zambrano, Alejandro Eugenio";"ADMINISTRADOR REGIONAL";"3";"Periodista";"Región de Ñuble";"(36)(220)(37)";"$ 6.450.826";"$ 0";"$ ";"$ 0";"No";"No tiene";"No tiene";"No tiene";"01/12/2025";"Indefinido";"Se paga remuneración mensual sin bonos de incentivos";"$ 0";
"2026";"Enero";"Profesional";"Arias Eriza, Claudio Ignacio";"PROFESIONAL ABOGADO DIT";"6";"Abogado";"Región de Ñuble";"(33)(37)";"$ 3.396.455";"$ 0";"$ ";"$ 0";"No";"No tiene";"No tiene";"No tiene";"22/06/2021";"Indefinido";"Se paga remuneración mensual sin bonos de incentivos";"$ 0";
"2026";"Enero";"Técnico";"Boggie Delgado, José Ignacio";"APOYO DIVISIÓN FOMENTO E INDUSTRIA";"10";"Ingeniero en Administración de Empresas";"Región de Ñuble";"(33)(37)";"$ 2.362.042";"$ 0";"$ ";"$ 0";"No";"No tiene";"No tiene";"No tiene";"05/05/2021";"Indefinido";"Se paga remuneración mensual sin bonos de incentivos";"$ 0";
"2026";"Enero";"Profesional";"Brito Aguayo, Javier Eduardo";"ANALISTA INVERSIONES";"9";"Constructor Civíl";"Región de Ñuble";"(33)(37)";"$ 2.611.221";"$ 0";"$ ";"$ 0";"No";"No tiene";"No tiene";"No tiene";"05/05/2021";"Indefinido";"Se paga remuneración mensual sin bonos de incentivos";"$ 0";
"2026";"Enero";"Profesional";"Choribit Choribit, Juan Pablo";"PROFESIONAL GESTIÓN INSTITUCIONAL";"6";"Psicólogo";"Región de Ñuble";"(33)(37)";"$ 3.396.455";"$ 0";"$ ";"$ 0";"No";"No tiene";"No tiene";"No tiene";"22/06/2021";"Indefinido";"Se paga remuneración mensual sin bonos de incentivos";"$ 0";
"2026";"Enero";"Profesional";"Cisternas Hernández, Emilio Andrés";"PROFESIONAL ABOGADO UNIDAD JURÍDICA";"5";"Abogado";"Región de Ñuble";"(33)(37)";"$ 3.608.446";"$ 0";"$ ";"$ 0";"No";"No tiene";"No tiene";"No tiene";"09/07/2021";"Indefinido";"Se paga remuneración mensual sin bonos de incentivos";"$ 0";
"2026";"Enero";"Directivo";"Contreras Vielma, Alicia Del Carmen";"JEFA DE DIVISIÓN DE ADMINISTRACIÓN Y FINANZAS";"4";"Ingeniero Civíl Industrial";"Región de Ñuble";"(242)(37)";"$ 4.094.182";"$ 0";"$ ";"$ 0";"No";"No tiene";"No tiene";"No tiene";"01/03/2025";"Indefinido";"Se paga remuneración mensual sin bonos de incentivos";"$ 0";
"2026";"Enero";"Profesional";"Cortés Toledo, Clara";"PROFESIONAL GESTOR DE REMUNERACIONES Y PERSONAS";"7";"Contador Auditor";"Región de Ñuble";"(33)(37)";"$ 3.115.644";"$ 0";"$ ";"$ 0";"No";"No tiene";"No tiene";"No tiene";"19/06/2020";"Indefinido";"Se paga remuneración mensual sin bonos de incentivos";"$ 0";
"2026";"Enero";"Autoridad de Gobierno";"Crisóstomo Llanos, Oscar";"GOBERNADOR REGIONAL";"1-A";"Trabajador Social";"Región de Ñuble";"(242)(220)(219)(37)";"$ 7.529.580";"$ 0";"$ ";"$ 0";"No";"No tiene";"No tiene";"No tiene";"14/07/2021";"Indefinido";"Se paga remuneración mensual sin bonos de incentivos";"$ 0";
"2026";"Enero";"Profesional";"Díaz Díaz, Óscar Maximiliano";"ENCARGADO ANÁLISIS Y EVALUACIÓN";"5";"Ingeniero Comercial";"Región de Ñuble";"(33)(37)";"$ 3.608.446";"$ 0";"$ ";"$ 0";"No";"No tiene";"No tiene";"No tiene";"19/06/2020";"Indefinido";"Se paga remuneración mensual sin bonos de incentivos";"$ 0";
"2026";"Enero";"Profesional";"Escobar Pérez, Roberto Carlos";"ENCARGADO UNIDAD ADQUISICIONES";"7";"Contador Público y Auditor";"Región de Ñuble";"(33)(37)";"$ 3.131.279";"$ 0";"$ ";"$ 0";"No";"No tiene";"No tiene";"No tiene";"19/06/2020";"Indefinido";"Se paga remuneración mensual sin bonos de incentivos";"$ 0";
"2026";"Enero";"Auxiliar";"González Llanos, Cristian Sergio";"CONDUCTOR GORE";"19";"Licencia Enseñanza Media";"Región de Ñuble";"(33)(37)";"$ 792.991";"$ 0";"$ ";"$ 0";"No";"No tiene";"No tiene";"No tiene";"06/05/2021";"Indefinido";"Se paga remuneración mensual sin bonos de incentivos";"$ 0";
"2026";"Enero";"Auxiliar";"González Osorio, María Eugenia";"APOYO OFICINA DE PARTES";"22";"Licencia Enseñanza Media";"Región de Ñuble";"(33)(37)";"$ 640.106";"$ 0";"$ ";"$ 0";"No";"No tiene";"No tiene";"No tiene";"19/06/2020";"Indefinido";"Se paga remuneración mensual sin bonos de incentivos";"$ 0";
"2026";"Enero";"Profesional";"Gutiérrez Bello, María José";"PROFESIONAL ANALISIS Y EVALUACIÓN";"8";"Arquitecta";"Región de Ñuble";"(33)(37)";"$ 2.855.144";"$ 0";"$ ";"$ 0";"No";"No tiene";"No tiene";"No tiene";"19/06/2020";"Indefinido";"Se paga remuneración mensual sin bonos de incentivos";"$ 0";
"2026";"Enero";"Profesional";"Herrera Martínez, Angélica Elizabeth";"PROFESIONAL DIPLADE";"5";"Ingeniero Civíl Industrial";"Región de Ñuble";"(33)(37)";"$ 3.626.426";"$ 0";"$ ";"$ 0";"No";"No tiene";"No tiene";"No tiene";"10/04/2020";"Indefinido";"Se paga remuneración mensual sin bonos de incentivos";"$ 0";
"2026";"Enero";"Profesional";"Herrera Parra, Rodrigo Eduardo";"PROFESIONAL ABOGADO DIPIR";"8";"Abogado";"Región de Ñuble";"(33)(37)";"$ 2.840.670";"$ 0";"$ ";"$ 0";"No";"No tiene";"No tiene";"No tiene";"05/05/2021";"Indefinido";"Se paga remuneración mensual sin bonos de incentivos";"$ 0";
"2026";"Enero";"Profesional";"Jaque Guzmán, Cristian Leonardo";"PROFESIONAL DE INVERSIONES";"6";"Ingeniero Civíl";"Región de Ñuble";"(33)(37)";"$ 3.413.417";"$ 0";"$ ";"$ 0";"No";"No tiene";"No tiene";"No tiene";"19/06/2020";"Indefinido";"Se paga remuneración mensual sin bonos de incentivos";"$ 0";
"2026";"Enero";"Profesional";"Jara Acevedo, Elías Antonio";"PROFESIONAL DIVISIÓN DE FOMENTO E INDUSTRIA";"10";"Ingeniero Comercial";"Región de Ñuble";"(33)(37)";"$ 2.409.009";"$ 0";"$ ";"$ 0";"No";"No tiene";"No tiene";"No tiene";"10/04/2020";"Indefinido";"Se paga remuneración mensual sin bonos de incentivos";"$ 0";
"2026";"Enero";"Profesional";"Jungjohann Muñoz, Carlos Fernando";"PROFESIONAL DE DEPARTAMENTO DE INVERSIONES";"11";"Constructor Civíl";"Región de Ñuble";"(33)(37)";"$ 2.203.589";"$ 0";"$ ";"$ 0";"No";"No tiene";"No tiene";"No tiene";"05/05/2021";"Indefinido";"Se paga remuneración mensual sin bonos de incentivos";"$ 0";
"2026";"Enero";"Profesional";"Maturana Lepeley, María Constanza";"PROFESIONAL COMUNICACIONES";"7";"Periodista";"Región de Ñuble";"(33)(37)";"$ 3.131.279";"$ 0";"$ ";"$ 0";"No";"No tiene";"No tiene";"No tiene";"19/06/2020";"Indefinido";"Se paga remuneración mensual sin bonos de incentivos";"$ 0";
"2026";"Enero";"Profesional";"Núñez Jara, Pablo Alberto";"PROFESIONAL DIVISIÓN INFRAESTRUCTURA Y TRANSPORTE";"4";"Ingeniero Comercial";"Región de Ñuble";"(33)(37)";"$ 3.728.448";"$ 0";"$ ";"$ 0";"No";"No tiene";"No tiene";"No tiene";"13/07/2021";"Indefinido";"Se paga remuneración mensual sin bonos de incentivos";"$ 0";
"2026";"Enero";"Profesional";"Oñate Castro, Jorge Abraham";"PROFESIONAL DE INVERSIONES";"10";"Constructor Civíl";"Región de Ñuble";"(33)(37)";"$ 2.409.009";"$ 0";"$ ";"$ 0";"No";"No tiene";"No tiene";"No tiene";"10/04/2020";"Indefinido";"Se paga remuneración mensual sin bonos de incentivos";"$ 0";
"2026";"Enero";"Directivo";"Parada González, Juan Bernardo";"JEFE DE DIVISIÓN DE PRESUPUESTO E INVERSIÓN";"4";"Contador Auditor";"Región de Ñuble";"(220)(37)";"$ 4.094.182";"$ 0";"$ ";"$ 0";"No";"No tiene";"No tiene";"No tiene";"01/06/2024";"Indefinido";"Se paga remuneración mensual sin bonos de incentivos";"$ 0";
"2026";"Enero";"Profesional";"Parra González, Jorge Eduardo";"PROFESIONAL ABOGADO UNIDAD JURÍDICA";"4";"Abogado";"Región de Ñuble";"(33)(37)";"$ 3.747.153";"$ 0";"$ ";"$ 0";"No";"No tiene";"No tiene";"No tiene";"19/06/2020";"Indefinido";"Se paga remuneración mensual sin bonos de incentivos";"$ 0";
"2026";"Enero";"Profesional";"Poblete Martínez, Ignacio Gonzalo";"PROFESIONAL ABOGADO UNIDAD JURÍDICA";"7";"Abogado";"Región de Ñuble";"(33)(37)";"$ 3.131.279";"$ 0";"$ ";"$ 0";"No";"No tiene";"No tiene";"No tiene";"05/05/2021";"Indefinido";"Se paga remuneración mensual sin bonos de incentivos";"$ 0";
"2026";"Enero";"Administrativo";"Puentes Carrasco, Liliana Luisa";"SECRETARIA CORE";"18";"Secretaria Ejecutiva";"Región de Ñuble";"(33)(37)";"$ 821.609";"$ 0";"$ ";"$ 0";"No";"No tiene";"No tiene";"No tiene";"05/05/2021";"Indefinido";"Se paga remuneración mensual sin bonos de incentivos";"$ 0";
"2026";"Enero";"Profesional";"Quintero Véjar, Maryorie Alejandra";"ANALISTA PRESUPUESTO DIPIR";"11";"Ingeniero Comericial";"Región de Ñuble";"(33)(37)";"$ 2.203.589";"$ 0";"$ ";"$ 0";"No";"No tiene";"No tiene";"No tiene";"10/04/2020";"Indefinido";"Se paga remuneración mensual sin bonos de incentivos";"$ 0";
"2026";"Enero";"Directivo";"Quiroz Reyes, Cristian Antonio";"PROFESIONAL ADMINISTRACIÓN REGIONAL";"4";"Administrador Público";"Región de Ñuble";"(242)(37)";"$ 4.112.888";"$ 0";"$ ";"$ 0";"No";"No tiene";"No tiene";"No tiene";"20/02/2023";"Indefinido";"Se paga remuneración mensual sin bonos de incentivos";"$ 0";
"2026";"Enero";"Profesional";"Retamal Muñoz, Víctor Alejandro";"PROFESIONAL DAF";"8";"Administrador Público";"Región de Ñuble";"(33)(37)";"$ 2.840.670";"$ 0";"$ ";"$ 0";"No";"No tiene";"No tiene";"No tiene";"05/05/2021";"Indefinido";"Se paga remuneración mensual sin bonos de incentivos";"$ 0";
"2026";"Enero";"Profesional";"Riquelme Hernández, Fernando Domingo";"PROFESIONAL DE FINANZAS";"12";"Ingeniero en Ejecución en Administración de Empresas";"Región de Ñuble";"(33)(37)";"$ 2.036.826";"$ 0";"$ ";"$ 0";"No";"No tiene";"No tiene";"No tiene";"14/06/2021";"Indefinido";"Se paga remuneración mensual sin bonos de incentivos";"$ 0";
"2026";"Enero";"Profesional";"Rodríguez Hizmeri, Carolina Paz";"PROFESIONAL DIFOI";"9";"Fonoaudióloga";"Región de Ñuble";"(33)(37)";"$ 2.611.221";"$ 0";"$ ";"$ 0";"No";"No tiene";"No tiene";"No tiene";"05/05/2021";"Indefinido";"Se paga remuneración mensual sin bonos de incentivos";"$ 0";
"2026";"Enero";"Profesional";"San Martín Saavedra, Pablo Daniel";"ANALISTA DE ORDENAMIENTO TERRITORIAL";"7";"Geógrafo";"Región de Ñuble";"(33)(50)(37)";"$ 3.257.675";"$ 0";"$ ";"$ 0";"No";"No tiene";"No tiene";"No tiene";"06/09/2018";"Indefinido";"Se paga remuneración mensual sin bonos de incentivos";"$ 0";
"2026";"Enero";"Profesional";"Sepúlveda Godoy, Gonzalo Alonso";"PROFESIONAL ENCARGADO DE FINANZAS";"5";"Contador Auditor";"Región de Ñuble";"(33)(37)";"$ 3.608.446";"$ 0";"$ ";"$ 0";"No";"No tiene";"No tiene";"No tiene";"19/06/2020";"Indefinido";"Se paga remuneración mensual sin bonos de incentivos";"$ 0";
"2026";"Enero";"Administrativo";"Sepúlveda Parra, Paola Alejandra";"SECRETARIA DIVISIÓN DE INFRAESTRUCTURA Y TRANSPORTES";"12";"Secretaria Ejecutiva";"Región de Ñuble";"(33)(37)";"$ 1.145.453";"$ 0";"$ ";"$ 0";"No";"No tiene";"No tiene";"No tiene";"19/06/2020";"Indefinido";"Se paga remuneración mensual sin bonos de incentivos";"$ 0";
"2026";"Enero";"Directivo";"Silva Zamorano, Juan Carlos";"JEFE UNIDAD CONTROL";"5";"Contador Público y Auditor";"Región de Ñuble";"(33)(37)";"$ 3.760.551";"$ 0";"$ ";"$ 0";"No";"No tiene";"No tiene";"No tiene";"01/04/2024";"Indefinido";"Se paga remuneración mensual sin bonos de incentivos";"$ 0";
"2026";"Enero";"Profesional";"Solís Pérez, Pamela Teresa";"ENCARGADA DEPARTAMENTO DE GESTIÓN INSTITUCIONAL";"7";"Asistente Social";"Región de Ñuble";"(33)(37)";"$ 3.131.279";"$ 0";"$ ";"$ 0";"No";"No tiene";"No tiene";"No tiene";"10/04/2020";"Indefinido";"Se paga remuneración mensual sin bonos de incentivos";"$ 0";
"2026";"Enero";"Directivo";"Sólo De Zaldivar Garay, Erick";"JEFE DE DIVISIÓN DE PLANIFICACIÓN Y DESARROLLO REGIONAL";"4";"Geógrafo";"Región de Ñuble";"(220)(37)";"$ 4.094.182";"$ 0";"$ ";"$ 0";"No";"No tiene";"No tiene";"No tiene";"01/12/2025";"Indefinido";"Se paga remuneración mensual sin bonos de incentivos";"$ 0";
"2026";"Enero";"Profesional";"Soto Trombert, María Antonieta";"PROFESIONAL COMUNICACIONES";"5";"Periodista";"Región de Ñuble";"(33)(37)";"$ 3.626.426";"$ 0";"$ ";"$ 0";"No";"No tiene";"No tiene";"No tiene";"10/04/2020";"Indefinido";"Se paga remuneración mensual sin bonos de incentivos";"$ 0";
"2026";"Enero";"Directivo";"Súnico Galdames, Raúl Fernando";"JEFE DE DIVISIÓN DE FOMENTO E INDUSTRIA";"4";"Ingeniero en Ejecución en Administración";"Región de Ñuble";"(242)(37)";"$ 4.094.182";"$ 0";"$ ";"$ 0";"No";"No tiene";"No tiene";"No tiene";"01/06/2024";"Indefinido";"Se paga remuneración mensual sin bonos de incentivos";"$ 0";
"2026";"Enero";"Directivo";"Valenzuela Fuentealba, Tamara Alejandra";"JEFA DE DIVISIÓN DE DESARROLLO SOCIAL Y HUMANO";"4";"Ingeniero en Ejecución en Administración de Empresas";"Región de Ñuble";"(33)(220)(37)";"$ 4.131.595";"$ 0";"$ ";"$ 0";"No";"No tiene";"No tiene";"No tiene";"14/07/2021";"Indefinido";"Se paga remuneración mensual sin bonos de incentivos";"$ 0";
"2026";"Enero";"Profesional";"Villagra Puentes, Nadia Luisa";"PROFESIONAL ANALISIS Y EVALUACIÓN";"6";"Ingeniero Comercial";"Región de Ñuble";"(33)(37)";"$ 3.413.417";"$ 0";"$ ";"$ 0";"No";"No tiene";"No tiene";"No tiene";"25/06/2021";"Indefinido";"Se paga remuneración mensual sin bonos de incentivos";"$ 0";
